country_name,year,co2,co2_per_capita,coal_co2,gas_co2,oil_co2,gdp,renewable_capacity_mw,net_imports_gwh,elec_price_eur_kwh,elec_gen_clean_twh,elec_gen_fossil_twh,elec_gen_hydro_twh,elec_gen_nuclear_twh,elec_gen_renewables_twh,elec_gen_solar_twh,elec_gen_wind_twh,elec_gen_total_twh,carbon_price_eur_tonne
Austria,2010,72.0,8.607,15.497,18.778,34.785,338832243101.0,,5021.898,0.19485000000000002,44.99,22.83,38.36,0.0,44.99,0.09,2.06,,14.38
Austria,2011,69.892,8.327,15.818,17.73,33.269,349713455451.0,,4637.746,0.19755,40.91,21.29,34.24,0.0,40.91,0.17,1.94,,13.07
Austria,2012,67.26,7.977,14.686,16.945,32.627,352093108730.0,,4952.506,0.19995000000000002,51.33,17.32,43.85,0.0,51.33,0.34,2.46,,7.33
Austria,2013,67.759,7.989,14.959,16.332,33.45,352182904722.0,,4594.823,0.20500000000000002,50.5,14.05,42.02,0.0,50.5,0.63,3.15,,4.45
Austria,2014,64.159,7.506,13.801,14.947,32.413,354511819035.0,,4548.633,0.2004,50.2,11.35,41.01,0.0,50.2,0.79,3.85,,5.96
Austria,2015,66.358,7.677,14.371,15.966,32.995,358108266932.0,,4142.823,0.1996,47.59,14.19,37.16,0.0,47.59,0.94,4.84,,7.68
Austria,2016,67.219,7.693,13.334,16.737,34.108,365232738553.0,,4303.615,0.2022,51.08,13.79,39.97,0.0,51.08,1.1,5.23,,5.35
Austria,2017,69.601,7.91,14.023,17.975,34.546,373481694490.0,,4647.085,0.19640000000000002,51.05,16.04,38.29,0.0,51.05,1.27,6.57,,5.83
Austria,2018,66.567,7.529,12.294,17.019,34.087,382540042762.0,,4031.04,0.1989,50.06,14.61,37.64,0.0,50.06,1.46,6.03,,15.88
Austria,2019,67.951,7.651,13.005,17.791,34.088,388344674039.0,,4108.781,0.2054,54.64,16.05,40.83,0.0,54.64,1.7,7.45,,24.84
Austria,2020,62.18,6.97,11.371,16.959,30.779,363281092036.0,,3601.243,0.2139,55.42,13.61,42.0,0.0,55.42,2.04,6.79,,24.75
Austria,2021,65.751,7.333,12.408,17.923,32.17,379835198584.0,,3764.317,0.22505,52.75,13.92,38.75,0.0,52.75,2.78,6.74,,53.55
Austria,2022,61.454,6.78,11.663,15.968,30.702,398815419150.0,,3602.595,0.23095,50.41,14.06,34.63,0.0,50.41,3.79,7.24,,80.87
Austria,2023,56.909,6.233,11.146,13.634,29.376,,,3518.501,0.27005,60.16,10.82,40.67,0.0,60.16,6.89,8.04,,85.3
Belgium,2010,114.563,10.475,17.526,40.339,51.153,411261674695.0,,6763.0,0.19665,54.51,38.53,0.31,47.94,6.57,0.58,1.3,,14.38
Belgium,2011,105.159,9.526,16.689,34.572,48.22,420934235947.0,,6558.0,0.21275,56.59,32.69,0.2,48.23,8.36,1.21,2.32,,13.07
Belgium,2012,102.486,9.227,15.078,34.911,47.133,424045845634.0,,5968.0,0.22749999999999998,50.8,30.71,0.36,40.29,10.51,2.15,2.76,,7.33
Belgium,2013,102.816,9.213,15.269,35.272,47.229,425993254852.0,,6070.0,0.21939999999999998,54.36,27.59,0.38,42.64,11.72,2.64,3.67,,4.45
Belgium,2014,97.081,8.66,14.725,30.995,46.313,432717694183.0,,5925.0,0.20700000000000002,45.91,25.29,0.29,33.7,12.21,2.89,4.62,,5.96
Belgium,2015,101.327,8.987,14.381,33.812,48.237,441551470878.0,,4920.7,0.2239,40.54,27.89,0.32,26.1,14.44,3.06,5.57,,7.68
Belgium,2016,99.816,8.808,13.476,34.369,47.124,447144517813.0,,4425.2,0.26445,57.77,26.54,0.37,43.52,14.25,3.1,5.42,,5.35
Belgium,2017,99.282,8.727,13.247,35.03,46.258,454386396677.0,,4320.7,0.2867,58.03,27.31,0.27,42.23,15.8,3.31,6.52,,5.83
Belgium,2018,100.256,8.772,13.297,36.104,45.875,462533269863.0,,4730.2,0.28800000000000003,45.76,28.11,0.29,28.6,17.16,3.9,7.57,,15.88
Belgium,2019,99.799,8.685,13.156,36.224,45.341,472897988852.0,,4619.4,0.28495,62.97,29.72,0.3,43.52,19.45,4.25,9.75,,24.84
Belgium,2020,91.255,7.908,10.466,36.073,40.098,447544069854.0,,3727.2,0.2747,57.88,30.41,0.27,34.43,23.45,5.11,12.81,,24.75
Belgium,2021,94.928,8.204,11.762,36.281,42.152,474995824355.0,,3608.7,0.2848,73.08,26.32,0.42,50.33,22.75,5.62,12.0,,53.55
Belgium,2022,88.915,7.638,11.903,31.174,41.466,489678394377.0,,4082.8,0.3963,68.31,26.02,0.27,43.88,24.43,6.88,12.35,,80.87
Belgium,2023,84.703,7.232,10.431,29.155,41.188,,,3642.8,0.4064,60.39,21.74,0.4,32.93,27.46,7.83,15.44,,85.3
Bulgaria,2010,47.816,6.429,29.294,5.386,10.912,109045208364.0,,2846.0,0.08215,21.01,24.92,5.03,15.25,5.76,0.01,0.68,,14.38
Bulgaria,2011,53.12,7.198,34.481,6.151,10.107,109435363210.0,,3362.0,0.085,20.2,29.76,2.87,16.31,3.89,0.1,0.86,,13.07
Bulgaria,2012,48.277,6.598,29.412,5.753,10.627,110261509885.0,,2506.0,0.09004999999999999,21.03,25.43,3.18,15.78,5.25,0.78,1.22,,7.33
Bulgaria,2013,42.583,5.862,24.997,5.612,9.557,109643527181.0,,1618.0,0.09029999999999999,21.08,21.94,4.04,14.17,6.91,1.39,1.37,,4.45
Bulgaria,2014,45.169,6.253,26.579,5.602,10.562,110703533681.0,,1461.0,0.08635,23.26,23.66,4.6,15.87,7.39,1.26,1.33,,5.96
Bulgaria,2015,48.127,6.705,27.678,5.94,11.488,114498611934.0,,1137.0,0.09495,24.13,24.58,5.65,15.38,8.75,1.38,1.45,,7.68
Bulgaria,2016,45.344,6.362,24.155,5.945,11.886,117979077002.0,,859.0,0.0947,22.82,21.71,3.88,15.78,7.04,1.39,1.42,,5.35
Bulgaria,2017,47.446,6.706,25.792,6.053,12.162,121237951710.0,,960.401,0.0969,21.68,23.16,2.83,15.55,6.13,1.4,1.5,,5.83
Bulgaria,2018,43.503,6.193,22.113,5.797,12.372,124492855771.0,,897.079,0.09920000000000001,25.51,21.0,5.15,16.13,9.38,1.34,1.32,,15.88
Bulgaria,2019,42.195,6.049,20.806,5.266,12.901,129520075495.0,,620.281,0.09775,24.05,19.67,2.93,16.56,7.49,1.42,1.32,,24.84
Bulgaria,2020,36.571,5.274,16.204,5.31,11.944,124392792956.0,,661.034,0.09895,24.1,16.04,2.82,16.63,7.47,1.47,1.48,,24.75
Bulgaria,2021,42.365,6.16,20.423,6.258,12.742,133889804025.0,,914.257,0.10575000000000001,26.8,20.42,4.82,16.49,10.31,1.47,1.43,,53.55
Bulgaria,2022,46.932,6.876,25.068,5.018,13.385,138390156500.0,,1427.356,0.11199999999999999,26.09,24.19,3.8,16.46,9.63,2.09,1.5,,80.87
Bulgaria,2023,34.501,5.077,13.961,4.678,13.17,,,644.644,0.11649999999999999,26.21,13.87,3.08,16.16,10.05,3.52,1.58,,85.3
Croatia,2010,20.978,4.877,2.738,5.712,10.561,81303793822.0,,1227.0,0.1152,9.3,5.49,9.13,0.0,9.3,0.0,0.14,,14.38
Croatia,2011,20.615,4.816,2.794,5.564,10.42,82302805353.0,,1206.0,0.11415,5.28,5.95,5.03,0.0,5.28,0.0,0.2,,13.07
Croatia,2012,19.05,4.473,2.484,5.195,9.71,80383800465.0,,948.8,0.1296,5.26,5.31,4.84,0.0,5.26,0.0,0.33,,7.33
Croatia,2013,18.401,4.337,2.678,4.912,9.073,80064089923.0,,1251.0,0.1361,9.28,4.66,8.62,0.0,9.28,0.01,0.52,,4.45
Croatia,2014,17.65,4.183,2.57,4.305,8.96,79720242860.0,,1019.3,0.1318,9.94,3.49,9.01,0.0,9.94,0.04,0.73,,5.96
Croatia,2015,17.794,4.253,2.376,4.461,9.389,81731110395.0,,1055.2,0.13145,7.52,3.72,6.39,0.0,7.52,0.06,0.8,,7.68
Croatia,2016,18.079,4.371,2.561,4.729,9.34,84640158587.0,,1118.9,0.1321,8.36,4.24,6.85,0.0,8.36,0.07,1.01,,5.35
Croatia,2017,18.713,4.587,1.551,5.432,9.982,87528490789.0,,669.8,0.1216,7.12,4.65,5.31,0.0,7.12,0.08,1.2,,5.83
Croatia,2018,17.695,4.396,1.449,5.042,9.556,89979865983.0,,564.2,0.1316,9.78,3.74,7.7,0.0,9.78,0.07,1.34,,15.88
Croatia,2019,17.82,4.47,1.678,5.243,9.286,93057982684.0,,768.2,0.13224999999999998,8.35,4.3,5.83,0.0,8.35,0.08,1.47,,24.84
Croatia,2020,16.87,4.267,1.424,5.521,8.271,85073361985.0,,639.6,0.13040000000000002,8.55,4.68,5.66,0.0,8.55,0.1,1.72,,24.75
Croatia,2021,17.403,4.434,1.652,5.351,8.725,96194363488.0,,704.8,0.13019999999999998,10.53,4.58,7.13,0.0,10.53,0.15,2.06,,53.55
Croatia,2022,17.585,4.501,1.613,4.885,9.469,102284645672.0,,683.1,0.14165,8.95,5.15,5.46,0.0,8.95,0.15,2.14,,80.87
Croatia,2023,18.468,4.74,1.378,5.214,10.306,,,637.7,0.148,12.23,5.21,8.16,0.0,12.23,0.41,2.59,,85.3
Cyprus,2010,8.072,7.157,0.071,0.001,7.41,27285556934.0,,18.0,0.19395,0.08,5.25,0.0,0.0,0.08,0.01,0.03,,14.38
Cyprus,2011,7.792,6.797,0.031,0.001,7.189,27627899267.0,,1.0,0.22315,0.17,4.75,0.0,0.0,0.17,0.01,0.11,,13.07
Cyprus,2012,7.262,6.231,0.001,0.001,6.732,26675451028.0,,1.0,0.2845,0.26,4.46,0.0,0.0,0.26,0.02,0.19,,7.33
Cyprus,2013,6.578,5.556,0.001,0.001,5.811,24918237857.0,,1.0,0.26205,0.33,3.96,0.0,0.0,0.33,0.05,0.23,,4.45
Cyprus,2014,6.93,5.766,0.009,0.0,5.934,24475580582.0,,5.0,0.23235,0.31,4.03,0.0,0.0,0.31,0.08,0.18,,5.96
Cyprus,2015,6.952,5.701,0.015,0.0,6.049,25312505108.0,,6.0,0.18975,0.4,4.14,0.0,0.0,0.4,0.13,0.22,,7.68
Cyprus,2016,7.35,5.941,0.002,0.0,6.451,26976335005.0,,0.0,0.15739999999999998,0.43,4.46,0.0,0.0,0.43,0.15,0.23,,5.35
Cyprus,2017,7.469,5.955,0.012,0.0,6.518,28523085691.0,,16.5,0.18445,0.43,4.57,0.0,0.0,0.43,0.17,0.21,,5.83
Cyprus,2018,7.324,5.764,0.054,0.0,6.402,30134014224.0,,22.0,0.20379999999999998,0.48,4.58,0.0,0.0,0.48,0.2,0.22,,15.88
Cyprus,2019,7.324,5.693,0.068,0.0,6.442,31800247242.0,,32.454,0.22194999999999998,0.52,4.63,0.0,0.0,0.52,0.22,0.24,,24.84
Cyprus,2020,6.903,5.301,0.056,0.0,5.945,30409793367.0,,23.643,0.19155,0.6,4.25,0.0,0.0,0.6,0.3,0.24,,24.75
Cyprus,2021,6.951,5.276,0.159,0.0,5.894,32428676744.0,,64.823,0.214,0.78,4.34,0.0,0.0,0.78,0.47,0.25,,53.55
Cyprus,2022,7.071,5.311,0.123,0.0,6.047,34255009922.0,,77.65,0.2934,0.88,4.38,0.0,0.0,0.88,0.6,0.22,,80.87
Cyprus,2023,7.188,5.344,0.101,0.0,6.126,,,22.002,0.35955000000000004,1.09,4.24,0.0,0.0,1.09,0.83,0.21,,85.3
Czechia,2010,117.464,11.226,74.554,18.398,21.02,271231988282.0,,3681.0,0.15225,33.91,51.31,2.79,28.0,5.91,0.62,0.34,,14.38
Czechia,2011,115.178,10.974,73.749,16.825,20.802,279082754736.0,,3769.0,0.1643,35.52,51.12,1.96,28.28,7.24,2.18,0.4,,13.07
Czechia,2012,111.276,10.59,70.768,16.624,20.305,276891945353.0,,3501.0,0.1666,38.39,48.19,2.13,30.32,8.07,2.15,0.42,,7.33
Czechia,2013,106.71,10.152,66.87,16.826,19.66,276764861619.0,,3635.0,0.1663,40.05,45.86,2.73,30.75,9.3,2.03,0.48,,4.45
Czechia,2014,104.233,9.911,64.905,15.113,20.702,283025537919.0,,5585.0,0.13835,39.5,45.48,1.91,30.33,9.17,2.12,0.48,,5.96
Czechia,2015,104.99,9.976,64.322,15.909,21.211,298276052489.0,,5046.0,0.13965,36.25,46.24,1.79,26.84,9.41,2.26,0.57,,7.68
Czechia,2016,106.636,10.125,64.728,17.008,21.24,305844147713.0,,4718.0,0.14205,33.49,48.51,2.0,24.1,9.39,2.13,0.5,,5.35
Czechia,2017,107.736,10.22,64.307,17.713,22.011,321652381589.0,,4796.189,0.14629999999999999,37.97,47.79,1.87,28.34,9.63,2.2,0.59,,5.83
Czechia,2018,106.322,10.079,63.573,16.641,22.221,332009886797.0,,4758.695,0.15794999999999998,39.35,47.49,1.63,29.92,9.43,2.36,0.61,,15.88
Czechia,2019,100.997,9.569,57.468,17.361,22.341,342069373423.0,,4449.049,0.1759,40.31,45.41,2.01,30.25,10.06,2.32,0.7,,24.84
Czechia,2020,91.661,8.688,49.727,17.431,20.963,323245433506.0,,4318.885,0.18180000000000002,40.38,39.72,2.14,30.04,10.34,2.29,0.7,,24.75
Czechia,2021,96.629,9.176,51.406,19.045,22.437,334729441747.0,,5443.2,0.18425,41.37,42.29,2.41,30.73,10.64,2.25,0.6,,53.55
Czechia,2022,95.04,8.905,52.909,15.805,22.765,342966849621.0,,5379.615,0.20829999999999999,41.79,41.94,2.09,31.02,10.77,2.63,0.64,,80.87
Czechia,2023,83.232,7.7,43.042,14.059,23.309,,,4404.284,0.31705,41.55,34.25,2.36,30.41,11.14,2.89,0.7,,85.3
Denmark,2010,49.19,8.866,15.351,10.555,21.946,238190225279.0,,4594.0,0.26890000000000003,12.43,26.32,0.02,0.0,12.43,0.01,7.81,,14.38
Denmark,2011,44.237,7.941,12.915,8.972,20.915,242757622888.0,,6159.0,0.2942,14.17,20.94,0.02,0.0,14.17,0.01,9.77,,13.07
Denmark,2012,39.861,7.128,10.078,8.404,19.952,243307499552.0,,4000.0,0.29845,14.84,15.73,0.02,0.0,14.84,0.1,10.27,,7.33
Denmark,2013,41.763,7.437,12.755,7.929,19.574,245578374484.0,,4973.0,0.2968,15.96,18.65,0.01,0.0,15.96,0.52,11.12,,4.45
Denmark,2014,37.571,6.657,10.143,6.81,19.085,249555233739.0,,4554.0,0.30385,17.99,14.05,0.02,0.0,17.99,0.6,13.08,,5.96
Denmark,2015,35.111,6.177,7.242,6.905,19.471,255401297489.0,,2772.426,0.3055,18.93,9.85,0.02,0.0,18.93,0.6,14.13,,7.68
Denmark,2016,36.917,6.445,8.413,7.009,19.751,263691544304.0,,2897.384,0.3086,18.39,12.01,0.02,0.0,18.39,0.74,12.78,,5.35
Denmark,2017,34.665,6.013,6.253,6.676,19.918,271132202845.0,,3085.752,0.30295,21.8,9.1,0.02,0.0,21.8,0.75,14.78,,5.83
Denmark,2018,34.609,5.973,6.362,6.483,19.968,276526484620.0,,2770.486,0.31245,20.75,9.46,0.01,0.0,20.75,0.95,13.9,,15.88
Denmark,2019,30.95,5.323,3.588,6.024,19.686,280656364923.0,,2396.234,0.2954,23.07,6.3,0.02,0.0,23.07,0.96,16.15,,24.84
Denmark,2020,28.3,4.853,3.166,4.799,18.579,275058379473.0,,1122.166,0.28259999999999996,23.45,5.13,0.02,0.0,23.45,1.18,16.33,,24.75
Denmark,2021,29.604,5.055,4.207,4.808,18.827,288414406840.0,,785.909,0.3174,26.1,6.82,0.02,0.0,26.1,1.31,16.05,,53.55
Denmark,2022,29.094,4.929,4.133,3.468,19.869,299429011832.0,,1883.339,0.5215,28.43,6.73,0.01,0.0,28.43,2.38,19.02,,80.87
Denmark,2023,28.831,4.847,2.633,3.526,21.139,,,1296.4,0.36824999999999997,29.28,4.61,0.02,0.0,29.28,3.66,19.39,,85.3
Estonia,2010,18.965,14.244,14.262,1.301,3.053,27586968284.0,,71.0,0.09870000000000001,1.05,11.92,0.03,0.0,1.05,0.0,0.28,,14.38
Estonia,2011,18.948,14.275,14.182,1.164,3.145,29217295065.0,,67.0,0.10075,1.18,11.71,0.03,0.0,1.18,0.0,0.37,,13.07
Estonia,2012,17.761,13.429,12.602,1.254,3.228,30160490093.0,,82.0,0.11095,1.47,10.49,0.04,0.0,1.47,0.0,0.43,,7.33
Estonia,2013,19.634,14.898,14.532,1.194,3.206,30600421813.0,,59.0,0.1359,1.23,12.05,0.03,0.0,1.23,0.0,0.53,,4.45
Estonia,2014,18.784,14.29,14.072,1.008,3.23,31521829560.0,,82.0,0.1316,1.39,11.06,0.03,0.0,1.39,0.0,0.6,,5.96
Estonia,2015,15.78,12.004,11.271,0.903,3.333,32106015454.0,,7.0,0.12965,1.56,8.59,0.03,0.0,1.56,0.0,0.71,,7.68
Estonia,2016,17.433,13.248,12.763,0.991,3.427,33119083785.0,,23.0,0.12229999999999999,1.59,10.58,0.04,0.0,1.59,0.01,0.59,,5.35
Estonia,2017,18.616,14.131,13.877,0.912,3.435,35037377711.0,,45.0,0.1263,1.86,11.3,0.03,0.0,1.86,0.01,0.72,,5.83
Estonia,2018,17.801,13.465,13.063,0.958,3.397,36363239216.0,,44.0,0.1383,1.99,10.38,0.01,0.0,1.99,0.03,0.64,,15.88
Estonia,2019,12.288,9.261,7.776,0.882,3.255,37723175050.0,,48.695,0.1384,2.14,5.47,0.02,0.0,2.14,0.07,0.69,,24.84
Estonia,2020,9.198,6.918,5.277,0.806,3.029,37515273353.0,,3.5,0.12635,2.97,3.11,0.03,0.0,2.97,0.25,0.84,,24.75
Estonia,2021,10.391,7.802,6.458,0.916,2.929,40521483538.0,,5.3,0.16315,2.87,4.32,0.02,0.0,2.87,0.35,0.73,,53.55
Estonia,2022,11.966,8.863,8.086,0.679,3.133,39999856613.0,,3.0,0.2353,2.86,6.08,0.02,0.0,2.86,0.6,0.67,,80.87
Estonia,2023,8.744,6.396,4.974,0.58,3.131,,,5.08,0.22494999999999998,2.8,2.94,0.02,0.0,2.8,0.72,0.68,,85.3
Finland,2010,64.092,11.95,29.144,8.276,25.13,201746033638.0,,6361.0,0.13475,46.98,33.66,12.92,22.8,24.18,0.0,0.29,,14.38
Finland,2011,56.646,10.513,24.082,7.255,23.764,207084301562.0,,7414.0,0.15565,47.37,26.13,12.45,23.19,24.18,0.01,0.48,,13.07
Finland,2012,51.154,9.449,19.595,6.464,23.67,204190196792.0,,4229.0,0.1554,51.55,18.86,16.86,22.99,28.56,0.01,0.49,,7.33
Finland,2013,51.719,9.509,21.359,6.065,22.84,202349011206.0,,5440.0,0.15685,49.24,22.02,12.84,23.61,25.63,0.01,0.77,,4.45
Finland,2014,47.622,8.719,19.326,5.394,21.542,201610622550.0,,5865.0,0.15505,49.86,18.24,13.4,23.58,26.28,0.01,1.11,,5.96
Finland,2015,44.192,8.065,16.843,4.726,21.384,202706706722.0,,4047.0,0.15410000000000001,53.78,14.83,16.77,23.25,30.53,0.01,2.33,,7.68
Finland,2016,47.252,8.598,18.66,4.208,22.939,208405735062.0,,4335.0,0.1543,53.61,15.14,15.8,23.2,30.41,0.02,3.07,,5.35
Finland,2017,44.657,8.107,17.088,3.887,22.213,215058877437.0,,4225.0,0.15899999999999997,53.95,13.57,14.77,22.48,31.47,0.05,4.79,,5.83
Finland,2018,45.736,8.292,17.924,4.415,22.044,217509947213.0,,4420.0,0.1655,54.93,15.3,13.3,22.79,32.14,0.09,5.84,,15.88
Finland,2019,42.444,7.687,15.257,4.314,21.648,220173891564.0,,3478.0,0.17585,55.75,12.86,12.42,23.87,31.88,0.15,6.02,,24.84
Finland,2020,37.72,6.821,11.853,4.382,20.261,214988893865.0,,2733.0,0.17565,59.22,10.02,15.88,23.29,35.93,0.22,8.26,,24.75
Finland,2021,37.82,6.825,12.711,4.356,19.468,221538476826.0,,2353.0,0.18035,61.78,10.33,15.79,23.6,38.18,0.3,8.51,,53.55
Finland,2022,36.337,6.525,12.579,2.41,20.124,226154847456.0,,4319.0,0.22039999999999998,64.0,8.17,13.49,25.34,38.66,0.39,12.02,,80.87
Finland,2023,31.799,5.677,9.391,2.575,18.806,,,1887.0,0.248,76.61,4.91,15.2,34.31,42.3,0.72,15.04,,85.3
France,2010,377.079,5.946,49.071,96.134,215.854,2342490492199.0,,19005.0,0.13165,505.2,57.16,61.2,428.52,76.68,0.62,9.94,,14.38
France,2011,355.127,5.572,42.169,87.85,208.907,2393401943613.0,,17502.0,0.14024999999999999,508.41,59.25,45.74,442.39,66.02,2.33,12.37,,13.07
France,2012,358.1,5.59,46.931,90.837,205.354,2400896391731.0,,18508.0,0.14465,510.66,56.93,59.83,425.41,85.25,4.43,15.18,,7.33
France,2013,360.013,5.591,49.664,91.386,204.287,2414733629218.0,,18915.0,0.156,523.11,53.64,71.92,423.68,99.43,5.19,16.14,,4.45
France,2014,327.809,5.067,39.548,76.454,197.641,2437822780219.0,,14834.0,0.16435,530.51,35.8,63.77,436.48,94.03,6.39,17.32,,5.96
France,2015,332.131,5.116,38.024,81.392,199.231,2464953810985.0,,13984.0,0.1679,529.27,44.88,55.56,437.43,91.84,7.75,21.42,,7.68
France,2016,335.496,5.155,36.016,89.261,196.896,2491956183265.0,,13108.0,0.1698,502.2,56.64,60.84,403.2,99.0,8.66,21.38,,5.35
France,2017,338.368,5.183,39.997,89.406,195.911,2549057506683.0,,15593.812,0.173,490.27,65.47,50.0,398.36,91.91,8.87,24.61,,5.83
France,2018,323.102,4.931,35.126,84.89,189.446,2596599107835.0,,14095.619,0.17735,526.79,49.45,65.11,412.94,113.85,11.15,28.6,,15.88
France,2019,316.321,4.812,29.426,86.387,187.285,2644453795826.0,,10984.974,0.18455,511.91,53.61,56.91,399.01,112.9,12.02,34.72,,24.84
France,2020,281.515,4.272,23.854,80.065,165.543,2438594133224.0,,7703.911,0.19255,478.86,48.39,62.52,353.83,125.03,13.09,40.05,,24.75
France,2021,307.272,4.65,30.472,85.402,179.122,2604822841790.0,,9371.871,0.1984,501.46,48.85,59.54,379.36,122.1,15.28,37.12,,53.55
France,2022,295.304,4.456,26.199,77.656,179.255,2671568767031.0,,9126.354,0.2148,408.02,60.35,45.48,294.73,113.29,19.34,38.2,,80.87
France,2023,270.263,4.068,19.542,67.157,172.229,,,6720.779,0.24455,477.69,41.06,55.9,338.2,139.49,22.59,50.48,,85.3
Germany,2010,826.705,10.228,341.311,184.875,277.154,3301123203586.0,,50484.0,0.24064999999999998,245.97,378.24,20.95,140.56,105.41,11.96,38.55,,14.38
Germany,2011,804.542,9.95,339.624,169.399,270.809,3467712967640.0,,51916.0,0.25295,232.4,372.6,17.67,107.97,124.43,19.99,49.86,,13.07
Germany,2012,814.093,10.061,350.039,167.84,271.945,3482225441398.0,,52479.0,0.26355,242.86,376.95,21.75,99.46,143.4,26.74,51.68,,7.33
Germany,2013,831.746,10.263,357.254,170.269,280.396,3497463140441.0,,58034.0,0.29200000000000004,249.24,380.45,23.0,97.29,151.95,30.62,52.74,,4.45
Germany,2014,792.584,9.74,344.722,151.989,271.603,3574741315261.0,,57453.0,0.29774999999999996,259.06,359.69,19.59,97.13,161.93,35.45,58.5,,5.96
Germany,2015,800.823,9.757,341.117,157.112,278.861,3628073946157.0,,57637.0,0.29484999999999995,279.93,359.24,18.98,91.79,188.14,38.08,80.62,,7.68
Germany,2016,797.988,9.642,329.436,169.169,275.704,3708979940863.0,,60327.0,0.2973,273.76,367.76,20.55,84.63,189.13,37.56,79.92,,5.35
Germany,2017,784.595,9.441,312.692,172.045,275.506,3808389445530.0,,52935.0,0.3048,292.0,352.46,20.15,76.32,215.68,38.76,105.69,,5.83
Germany,2018,758.771,9.101,296.871,169.76,268.094,3845758522294.0,,47259.772,0.29935,298.93,333.35,17.69,76.0,222.93,44.32,109.95,,15.88
Germany,2019,708.649,8.481,240.114,172.762,271.933,3886392581475.0,,43007.711,0.2983,316.24,283.85,19.73,75.07,241.17,45.22,125.89,,24.84
Germany,2020,647.177,7.739,198.53,170.963,254.465,3742721113842.0,,31281.095,0.30245,315.87,250.88,18.72,64.38,251.49,49.5,132.11,,24.75
Germany,2021,677.998,8.101,232.139,181.31,240.525,3841041747482.0,,40851.878,0.32135,301.63,277.2,19.66,69.13,232.5,49.34,114.16,,53.55
Germany,2022,667.843,7.942,239.428,158.685,247.017,3909612753939.0,,44791.061,0.3318,286.25,280.63,17.62,34.71,251.54,60.3,124.81,,80.87
Germany,2023,593.766,7.023,186.157,150.342,237.487,,,33025.415,0.40725,284.32,222.4,21.24,7.22,277.1,63.87,140.54,,85.3
Greece,2010,97.354,8.751,41.26,7.166,43.995,290984350750.0,,652.0,0.1196,10.53,46.08,7.47,0.0,10.53,0.16,2.71,,14.38
Greece,2011,94.505,8.507,42.08,8.811,40.495,266793942822.0,,506.0,0.1244,8.15,50.3,4.01,0.0,8.15,0.61,3.32,,13.07
Greece,2012,91.393,8.272,43.257,8.094,36.295,247887031358.0,,413.0,0.14045000000000002,10.13,49.78,4.39,0.0,10.13,1.69,3.85,,7.33
Greece,2013,81.713,7.45,37.291,7.336,32.909,241650188710.0,,441.0,0.16299999999999998,14.36,42.01,6.35,0.0,14.36,3.65,4.14,,4.45
Greece,2014,78.636,7.219,35.227,5.559,33.482,242799798246.0,,336.0,0.17759999999999998,12.18,37.44,4.48,0.0,12.18,3.79,3.69,,5.96
Greece,2015,74.927,6.924,29.949,6.035,34.977,242323725826.0,,257.0,0.1769,14.85,36.2,6.1,0.0,14.85,3.9,4.62,,7.68
Greece,2016,71.36,6.622,23.594,7.912,35.568,241143085639.0,,312.0,0.17195,14.89,38.95,5.54,0.0,14.89,3.93,5.15,,5.35
Greece,2017,74.842,6.96,26.019,9.536,35.028,243776808141.0,,411.305,0.16655,13.8,41.0,3.96,0.0,13.8,3.99,5.54,,5.83
Greece,2018,71.778,6.689,24.851,9.072,33.833,247844015413.0,,379.265,0.1659,16.14,36.47,5.74,0.0,16.14,3.79,6.3,,15.88
Greece,2019,65.736,6.133,17.879,9.998,33.915,252514250712.0,,326.51,0.1573,16.1,31.85,4.0,0.0,16.1,4.43,7.27,,24.84
Greece,2020,55.577,5.194,10.147,11.043,31.009,229777821500.0,,304.352,0.16575,17.55,29.96,3.34,0.0,17.55,4.45,9.31,,24.75
Greece,2021,57.528,5.438,9.259,12.363,32.277,249158215293.0,,266.391,0.1827,22.13,32.11,5.9,0.0,22.13,5.25,10.48,,53.55
Greece,2022,57.609,5.533,8.767,10.219,35.274,263892672733.0,,85.711,0.22694999999999999,22.45,29.22,3.86,0.0,22.45,7.14,10.88,,80.87
Greece,2023,51.988,5.076,6.531,9.078,32.991,,,49.406,0.2318,24.38,24.55,3.82,0.0,24.38,8.89,11.02,,85.3
Hungary,2010,51.993,5.21,11.721,22.697,16.067,200496589291.0,,2083.0,0.16375,18.78,18.58,0.19,15.76,3.02,0.0,0.53,,14.38
Hungary,2011,50.156,5.042,12.022,21.661,15.14,208407605976.0,,1891.0,0.16175,18.4,17.62,0.22,15.69,2.71,0.0,0.63,,13.07
Hungary,2012,46.72,4.711,11.538,19.326,14.471,205802052322.0,,1796.0,0.15835,18.43,16.19,0.21,15.79,2.64,0.01,0.77,,7.33
Hungary,2013,43.487,4.397,10.26,18.031,13.982,209511661762.0,,1581.0,0.13615,18.15,12.12,0.21,15.37,2.78,0.02,0.72,,4.45
Hungary,2014,43.639,4.425,10.289,16.782,15.335,218378634753.0,,1596.0,0.1174,18.81,10.58,0.3,15.65,3.16,0.07,0.66,,5.96
Hungary,2015,46.567,4.733,10.624,17.895,16.673,226474616785.0,,1649.0,0.1136,19.05,11.28,0.23,15.83,3.22,0.14,0.69,,7.68
Hungary,2016,47.039,4.795,9.879,19.041,16.713,231459349147.0,,1608.0,0.11195,19.3,12.58,0.26,16.05,3.25,0.24,0.68,,5.35
Hungary,2017,49.424,5.051,10.177,20.107,17.631,241347220007.0,,1874.0,0.11295,19.58,13.34,0.22,16.1,3.48,0.35,0.76,,5.83
Hungary,2018,49.366,5.051,9.577,19.467,18.712,254289117363.0,,1838.0,0.11205,19.5,12.55,0.22,15.73,3.77,0.63,0.61,,15.88
Hungary,2019,49.159,5.031,8.324,19.598,19.52,266658311342.0,,1563.0,0.11085,20.99,13.29,0.22,16.29,4.7,1.5,0.73,,24.84
Hungary,2020,47.105,4.832,7.511,20.554,17.463,254563881936.0,,1343.0,0.10200000000000001,21.58,13.34,0.24,16.06,5.52,2.46,0.65,,24.75
Hungary,2021,48.326,4.978,6.06,21.796,18.887,272892486007.0,,1255.0,0.10065,22.9,13.2,0.21,15.99,6.91,3.8,0.66,,53.55
Hungary,2022,45.267,4.674,5.559,18.73,19.647,285385229433.0,,935.0,0.1016,23.47,12.31,0.18,15.81,7.66,4.73,0.61,,80.87
Hungary,2023,40.344,4.165,4.315,16.689,18.384,,,455.0,0.11445,25.3,10.24,0.22,15.92,9.38,6.93,0.65,,85.3
Ireland,2010,41.791,9.167,8.427,11.365,20.211,221852442105.0,,1611.258,0.18395,3.77,24.39,0.6,0.0,3.77,0.0,2.86,,14.38
Ireland,2011,38.054,8.31,8.311,9.85,18.322,224397469453.0,,2289.798,0.19935,5.5,21.7,0.71,0.0,5.5,0.0,4.45,,13.07
Ireland,2012,38.224,8.309,9.622,9.523,17.41,217871560184.0,,2230.43,0.2222,5.32,21.84,0.8,0.0,5.32,0.0,4.08,,7.33
Ireland,2013,37.279,8.061,8.739,9.067,17.611,222738952818.0,,2407.011,0.235,5.71,19.91,0.6,0.0,5.71,0.0,4.62,,4.45
Ireland,2014,36.85,7.911,8.647,8.796,17.324,236178350686.0,,2011.211,0.24714999999999998,6.47,19.39,0.71,0.0,6.47,0.0,5.22,,5.96
Ireland,2015,38.715,8.233,9.351,8.888,18.202,249955928768.0,,2469.879,0.244,7.97,20.18,0.81,0.0,7.97,0.0,6.68,,7.68
Ireland,2016,40.369,8.492,9.205,9.913,18.822,255118282428.0,,2033.449,0.2329,7.61,22.69,0.68,0.0,7.61,0.0,6.25,,5.35
Ireland,2017,39.04,8.116,7.87,10.152,18.614,266528546717.0,,2045.537,0.23299999999999998,9.01,21.78,0.69,0.0,9.01,0.01,7.57,,5.83
Ireland,2018,38.922,7.988,6.354,10.6,19.388,282500483309.0,,1428.275,0.2454,10.34,20.7,0.69,0.0,10.34,0.02,8.78,,15.88
Ireland,2019,37.2,7.54,4.543,10.841,19.382,294503693886.0,,421.652,0.24845,11.95,18.92,0.89,0.0,11.95,0.03,10.18,,24.84
Ireland,2020,35.053,7.035,3.757,10.954,18.003,274762344680.0,,425.278,0.25125,13.65,18.51,0.93,0.0,13.65,0.06,11.74,,24.75
Ireland,2021,37.474,7.452,4.929,10.44,19.215,287639621097.0,,1587.7,0.27645,11.76,19.98,0.75,0.0,11.76,0.08,9.94,,53.55
Ireland,2022,36.676,7.177,4.036,10.76,19.15,308390920561.0,,1493.351,0.27745,13.25,20.54,0.7,0.0,13.25,0.15,11.39,,80.87
Ireland,2023,33.568,6.46,2.685,9.996,18.458,,,635.332,0.32645,14.28,17.26,0.94,0.0,14.28,0.65,11.86,,85.3
Italy,2010,435.672,7.241,58.218,164.347,193.166,2080545936781.0,,22130.0,0.19425,76.97,219.66,51.12,0.0,76.97,1.91,9.12,,14.38
Italy,2011,423.897,7.022,65.439,153.0,185.899,2110883320816.0,,23504.0,0.2026,82.95,215.42,45.82,0.0,82.95,10.8,9.85,,13.07
Italy,2012,403.444,6.665,66.959,147.714,172.224,2047959835066.0,,24501.0,0.22144999999999998,92.22,203.03,41.87,0.0,92.22,18.86,13.41,,7.33
Italy,2013,369.461,6.091,57.782,137.701,158.74,2010255414011.0,,21066.0,0.23075,112.0,174.02,52.77,0.0,112.0,21.59,14.9,,4.45
Italy,2014,349.389,5.759,55.837,121.589,157.626,2010164047423.0,,21147.0,0.23920000000000002,120.68,155.85,58.55,0.0,120.68,22.31,15.18,,5.96
Italy,2015,361.244,5.964,53.063,132.757,161.426,2025809415322.0,,20316.0,0.2439,108.89,170.81,45.54,0.0,108.89,22.94,14.84,,7.68
Italy,2016,358.133,5.922,48.302,140.795,156.02,2052012434345.0,,17693.0,0.23015,108.01,177.94,42.43,0.0,108.01,22.1,17.69,,5.35
Italy,2017,352.666,5.84,41.798,148.761,148.755,2086237040647.0,,15920.448,0.2106,103.89,188.2,36.2,0.0,103.89,24.38,17.74,,5.83
Italy,2018,349.048,5.791,39.213,143.675,152.744,2105551772855.0,,14804.231,0.21139999999999998,114.41,171.65,48.79,0.0,114.41,22.65,17.72,,15.88
Italy,2019,339.638,5.648,30.48,146.775,148.491,2115725732767.0,,10844.556,0.2321,115.83,174.16,46.32,0.0,115.83,23.69,20.2,,24.84
Italy,2020,302.6,5.051,22.119,140.818,127.568,1925751927111.0,,7607.659,0.21894999999999998,116.9,159.91,47.55,0.0,116.9,24.94,18.76,,24.75
Italy,2021,335.93,5.624,24.57,152.325,145.904,2060299944789.0,,8548.389,0.23095,116.33,169.16,45.39,0.0,116.33,25.04,20.93,,53.55
Italy,2022,340.115,5.705,31.341,137.55,159.145,2136009300257.0,,12125.89,0.3378,100.46,179.71,28.4,0.0,100.46,28.12,20.49,,80.87
Italy,2023,312.291,5.249,21.669,124.461,154.654,,,7398.574,0.35645,116.52,145.03,40.52,0.0,116.52,30.71,23.59,,85.3
Latvia,2010,8.555,4.078,0.455,3.393,4.251,35881177042.0,,183.0,0.10485,3.64,2.99,3.52,0.0,3.64,0.0,0.05,,14.38
Latvia,2011,7.808,3.791,0.442,2.975,3.813,37869724459.0,,186.0,0.1255,3.08,3.01,2.89,0.0,3.08,0.0,0.07,,13.07
Latvia,2012,7.52,3.696,0.4,2.792,3.73,40536567235.0,,150.0,0.13755,4.11,2.06,3.71,0.0,4.11,0.0,0.11,,7.33
Latvia,2013,7.369,3.661,0.301,2.729,3.771,41350512828.0,,120.0,0.1368,3.53,2.67,2.91,0.0,3.53,0.0,0.12,,4.45
Latvia,2014,7.172,3.597,0.242,2.448,3.89,42137028688.0,,85.0,0.1333,2.8,2.34,1.99,0.0,2.8,0.0,0.14,,5.96
Latvia,2015,7.262,3.672,0.19,2.506,4.067,43774190659.0,,71.0,0.16425,2.78,2.76,1.86,0.0,2.78,0.0,0.15,,7.68
Latvia,2016,7.211,3.679,0.166,2.607,4.059,44810998817.0,,67.0,0.1626,3.48,2.94,2.53,0.0,3.48,0.0,0.13,,5.35
Latvia,2017,7.215,3.714,0.167,2.299,4.277,46295495418.0,,67.905,0.15839999999999999,5.46,2.07,4.38,0.0,5.46,0.0,0.15,,5.83
Latvia,2018,7.843,4.069,0.197,2.704,4.346,48143398790.0,,81.612,0.1521,3.49,3.23,2.43,0.0,3.49,0.0,0.12,,15.88
Latvia,2019,7.633,3.988,0.166,2.548,4.303,49380620266.0,,79.463,0.16344999999999998,3.19,3.25,2.11,0.0,3.19,0.0,0.15,,24.84
Latvia,2020,6.999,3.682,0.1,2.103,4.174,48292861660.0,,39.767,0.1426,3.64,2.08,2.6,0.0,3.64,0.0,0.18,,24.75
Latvia,2021,7.218,3.828,0.078,2.232,4.287,50255494980.0,,36.7,0.16444999999999999,3.72,2.13,2.71,0.0,3.72,0.01,0.14,,53.55
Latvia,2022,6.608,3.513,0.058,1.593,4.331,51248480035.0,,45.229,0.23755,3.82,1.21,2.75,0.0,3.82,0.08,0.19,,80.87
Latvia,2023,6.59,3.501,0.06,1.537,4.386,,,17.146,0.2914,4.96,1.42,3.79,0.0,4.96,0.24,0.27,,85.3
Lithuania,2010,13.802,4.455,0.843,5.553,6.813,56073777524.0,,336.0,0.1186,0.91,4.09,0.54,0.0,0.91,0.0,0.22,,14.38
Lithuania,2011,13.96,4.609,0.973,5.86,6.488,59460372771.0,,414.0,0.12175,1.11,3.14,0.48,0.0,1.11,0.0,0.47,,13.07
Lithuania,2012,14.054,4.703,0.95,5.673,6.727,61745948022.0,,340.0,0.1264,1.18,3.32,0.42,0.0,1.18,0.0,0.54,,7.33
Lithuania,2013,13.148,4.444,1.092,4.74,6.518,63937849304.0,,440.0,0.13805,1.53,2.66,0.52,0.0,1.53,0.05,0.6,,4.45
Lithuania,2014,12.846,4.379,0.923,4.414,6.767,66199372603.0,,318.0,0.13245,1.51,2.18,0.4,0.0,1.51,0.07,0.64,,5.96
Lithuania,2015,13.045,4.489,0.736,4.42,7.081,67539660018.0,,240.0,0.12494999999999999,1.68,2.55,0.35,0.0,1.68,0.07,0.81,,7.68
Lithuania,2016,13.102,4.566,0.749,3.955,7.621,69240911932.0,,241.0,0.1201,2.1,1.53,0.45,0.0,2.1,0.07,1.14,,5.35
Lithuania,2017,13.277,4.693,0.801,4.029,7.718,72206131673.0,,290.8,0.11115,2.53,1.03,0.6,0.0,2.53,0.07,1.36,,5.83
Lithuania,2018,13.414,4.787,0.859,3.73,8.02,75089601435.0,,282.4,0.1097,2.2,0.72,0.43,0.0,2.2,0.09,1.14,,15.88
Lithuania,2019,13.647,4.883,0.801,3.877,8.119,78562641002.0,,302.3,0.12545,2.47,0.87,0.35,0.0,2.47,0.09,1.5,,24.84
Lithuania,2020,13.5,4.829,0.622,4.134,7.942,78545278418.0,,194.1,0.13735,2.57,2.13,0.3,0.0,2.57,0.13,1.55,,24.75
Lithuania,2021,13.778,4.93,0.739,3.961,8.145,83242845981.0,,242.3,0.14125,2.62,1.68,0.38,0.0,2.62,0.19,1.36,,53.55
Lithuania,2022,12.895,4.578,0.734,2.794,8.375,84814257826.0,,336.8,0.1963,3.02,1.02,0.46,0.0,3.02,0.34,1.51,,80.87
Lithuania,2023,12.507,4.382,0.465,2.746,8.54,,,148.9,0.25215,4.44,0.86,0.45,0.0,4.44,0.69,2.54,,85.3
Luxembourg,2010,11.191,22.054,0.326,2.842,7.582,27526699944.0,,113.336,0.17365,0.27,2.97,0.11,0.0,0.27,0.02,0.06,,14.38
Luxembourg,2011,11.09,21.384,0.315,2.464,7.852,28143126706.0,,99.195,0.16699999999999998,0.24,2.4,0.06,0.0,0.24,0.03,0.06,,13.07
Luxembourg,2012,10.858,20.45,0.286,2.5,7.624,28607408843.0,,91.738,0.1701,0.31,2.45,0.1,0.0,0.31,0.04,0.08,,7.33
Luxembourg,2013,10.323,18.999,0.276,2.115,7.507,29514812514.0,,84.571,0.16555,0.36,1.48,0.12,0.0,0.36,0.07,0.08,,4.45
Luxembourg,2014,9.807,17.629,0.277,2.006,7.091,30289014849.0,,94.9,0.1738,0.4,1.51,0.11,0.0,0.4,0.09,0.08,,5.96
Luxembourg,2015,9.334,16.389,0.288,1.83,6.812,30976491415.0,,83.86,0.1767,0.43,0.91,0.1,0.0,0.43,0.1,0.1,,7.68
Luxembourg,2016,9.077,15.556,0.294,1.682,6.675,32518554202.0,,93.136,0.1698,0.46,0.33,0.12,0.0,0.46,0.1,0.1,,5.35
Luxembourg,2017,9.251,15.509,0.283,1.657,6.866,32946911821.0,,78.03,0.16165000000000002,0.6,0.3,0.09,0.0,0.6,0.11,0.23,,5.83
Luxembourg,2018,9.556,15.715,0.267,1.609,7.236,33348602359.0,,72.536,0.1681,0.68,0.28,0.09,0.0,0.68,0.12,0.25,,15.88
Luxembourg,2019,9.75,15.722,0.274,1.608,7.397,34122291521.0,,73.365,0.17985,0.8,0.27,0.11,0.0,0.8,0.13,0.28,,24.84
Luxembourg,2020,8.069,12.796,0.236,1.469,5.902,33850190319.0,,73.303,0.19855,0.97,0.25,0.09,0.0,0.97,0.16,0.35,,24.75
Luxembourg,2021,8.41,13.134,0.242,1.589,6.186,35577396523.0,,59.955,0.19885,0.99,0.24,0.11,0.0,0.99,0.18,0.31,,53.55
Luxembourg,2022,7.274,11.135,0.239,1.249,5.406,36128358732.0,,68.981,0.20295,1.04,0.17,0.06,0.0,1.04,0.28,0.31,,80.87
Luxembourg,2023,6.841,10.285,0.175,1.169,5.244,,,39.029,0.20115,1.26,0.15,0.09,0.0,1.26,0.29,0.5,,85.3
Malta,2010,2.619,6.197,0.0,0.0,2.618,9788869399.0,,0.0,0.165,0.0,2.11,0.0,0.0,0.0,0.0,,,14.38
Malta,2011,2.608,6.142,0.0,0.0,2.607,9930574943.0,,0.0,0.16585,0.0,2.17,0.0,0.0,0.0,0.0,,,13.07
Malta,2012,2.749,6.444,0.0,0.0,2.748,10339580228.0,,0.0,0.16755,0.03,2.27,0.0,0.0,0.03,0.02,0.0,,7.33
Malta,2013,2.43,5.671,0.0,0.0,2.427,10905471410.0,,0.0,0.16765,0.04,2.22,0.0,0.0,0.04,0.03,0.0,,4.45
Malta,2014,2.417,5.564,0.0,0.0,2.414,11737898948.0,,0.0,0.1361,0.08,2.17,0.0,0.0,0.08,0.07,0.0,,5.96
Malta,2015,1.697,3.815,0.0,0.0,1.695,12865695938.0,,0.0,0.12630000000000002,0.1,1.2,0.0,0.0,0.1,0.09,0.0,,7.68
Malta,2016,1.376,3.022,0.0,0.0,1.374,13300698899.0,,0.0,0.12655,0.14,0.72,0.0,0.0,0.14,0.13,0.0,,5.35
Malta,2017,1.537,3.285,0.0,0.552,0.984,14746505042.0,,0.0,0.1313,0.17,1.48,0.0,0.0,0.17,0.16,0.0,,5.83
Malta,2018,1.548,3.194,0.0,0.681,0.866,15659758064.0,,0.0,0.1296,0.2,1.77,0.0,0.0,0.2,0.19,0.0,,15.88
Malta,2019,1.649,3.272,0.0,0.708,0.94,16757308198.0,,0.0,0.12969999999999998,0.21,1.86,0.0,0.0,0.21,0.2,0.0,,24.84
Malta,2020,1.601,3.089,0.0,0.736,0.864,15314071319.0,,0.0,0.12924999999999998,0.25,1.9,0.0,0.0,0.25,0.24,0.0,,24.75
Malta,2021,1.611,3.073,0.0,0.739,0.872,17122043843.0,,0.0,0.13015,0.27,1.95,0.0,0.0,0.27,0.26,0.0,,53.55
Malta,2022,1.774,3.359,0.0,0.747,1.026,18295132993.0,,0.0,0.1291,0.3,2.0,0.0,0.0,0.3,0.29,0.0,,80.87
Malta,2023,1.768,3.317,0.0,0.782,0.985,,,0.0,0.127,0.32,2.03,0.0,0.0,0.32,0.31,0.0,,85.3
Netherlands,2010,182.479,10.88,33.055,94.173,52.661,728193221597.0,,12397.172,0.1778,15.16,102.94,0.1,3.97,11.19,0.06,3.99,,14.38
Netherlands,2011,169.346,10.05,32.093,82.199,52.533,744614396708.0,,12081.756,0.18015,16.46,96.18,0.06,4.14,12.32,0.1,5.1,,13.07
Netherlands,2012,165.752,9.799,34.336,78.574,50.443,736942199791.0,,13104.988,0.1857,16.38,85.89,0.1,3.91,12.47,0.19,4.98,,7.33
Netherlands,2013,164.925,9.72,34.682,79.184,48.444,735982982299.0,,13150.59,0.19014999999999999,14.99,85.57,0.11,2.89,12.1,0.41,5.63,,4.45
Netherlands,2014,157.503,9.249,38.172,69.378,47.304,746458868661.0,,15600.113,0.1821,15.74,86.36,0.11,4.09,11.65,0.73,5.8,,5.96
Netherlands,2015,163.958,9.584,45.539,68.561,47.298,761083250759.0,,17499.394,0.1916,17.77,91.22,0.09,4.08,13.69,1.11,7.55,,7.68
Netherlands,2016,164.812,9.579,42.642,71.762,47.761,777764090323.0,,16498.636,0.16060000000000002,18.74,95.22,0.1,3.96,14.78,1.6,8.17,,5.35
Netherlands,2017,162.296,9.373,38.511,73.349,47.637,800404023156.0,,15020.292,0.1595,20.83,95.21,0.06,3.4,17.43,2.2,10.57,,5.83
Netherlands,2018,158.264,9.085,35.112,72.736,47.787,819300805024.0,,13153.905,0.18,22.39,90.71,0.07,3.51,18.88,3.71,10.55,,15.88
Netherlands,2019,152.727,8.709,27.576,75.065,47.835,835323029559.0,,10474.48,0.2065,26.71,93.34,0.07,3.91,22.8,5.4,11.51,,24.84
Netherlands,2020,136.974,7.766,19.402,73.125,42.415,802861622095.0,,6101.472,0.13965,36.82,85.14,0.05,4.09,32.73,8.57,15.27,,24.75
Netherlands,2021,139.886,7.89,24.983,69.826,42.795,841906706612.0,,8814.888,0.1365,44.27,76.62,0.09,3.83,40.44,11.3,18.13,,53.55
Netherlands,2022,127.503,7.121,24.317,57.125,43.775,879609110665.0,,9111.262,0.08785,52.26,67.7,0.05,4.16,48.1,16.66,21.57,,80.87
Netherlands,2023,117.016,6.468,17.237,53.688,44.07,,,6538.231,0.3031,60.83,59.13,0.07,3.99,56.84,19.61,29.52,,85.3
Poland,2010,334.028,8.768,220.927,29.135,69.973,795619859853.0,,13779.0,0.13615,10.88,145.89,2.92,0.0,10.88,0.0,1.66,,14.38
Poland,2011,333.406,8.726,218.379,29.325,69.599,843236863910.0,,15215.0,0.1411,13.13,149.74,2.33,0.0,13.13,0.0,3.2,,13.07
Poland,2012,325.778,8.518,214.04,30.559,66.312,856266755052.0,,10482.0,0.14735,16.88,144.6,2.04,0.0,16.88,0.0,4.75,,7.33
Poland,2013,321.757,8.41,214.314,30.808,61.681,863601156195.0,,10941.0,0.14584999999999998,17.06,146.72,2.44,0.0,17.06,0.0,6.0,,4.45
Poland,2014,309.415,8.086,202.997,29.468,61.381,896737189458.0,,10872.0,0.14145000000000002,19.85,138.5,2.18,0.0,19.85,0.01,7.68,,5.96
Poland,2015,312.549,8.168,201.647,30.634,64.794,936043804062.0,,8721.0,0.1431,22.69,141.61,1.83,0.0,22.69,0.06,10.86,,7.68
Poland,2016,323.3,8.449,202.099,32.42,72.897,963689941627.0,,8734.0,0.13419999999999999,22.81,143.19,2.14,0.0,22.81,0.12,12.59,,5.35
Poland,2017,336.505,8.796,203.504,34.13,82.452,1013223736654.0,,13385.213,0.14485,24.13,145.78,2.56,0.0,24.13,0.17,14.91,,5.83
Poland,2018,335.719,8.779,198.673,34.274,85.491,1073462064151.0,,19740.816,0.14029999999999998,21.62,147.81,1.97,0.0,21.62,0.3,12.8,,15.88
Poland,2019,317.444,8.304,177.753,35.495,87.278,1121231497071.0,,17165.953,0.13595000000000002,25.46,137.76,1.96,0.0,25.46,0.71,15.11,,24.84
Poland,2020,302.102,7.914,164.196,36.731,84.235,1098581305284.0,,13129.897,0.14925,28.23,128.92,2.12,0.0,28.23,1.96,15.8,,24.75
Poland,2021,330.694,8.693,184.114,39.734,89.709,1173809548862.0,,12745.818,0.15610000000000002,30.56,148.23,2.34,0.0,30.56,3.93,16.23,,53.55
Poland,2022,314.892,8.203,172.493,34.294,90.97,1231021338216.0,,20510.756,0.15339999999999998,37.69,140.91,1.97,0.0,37.69,8.31,19.78,,80.87
Poland,2023,283.243,7.307,141.924,35.88,90.697,,,17305.672,0.19655,45.86,119.66,2.41,0.0,45.86,11.11,24.18,,85.3
Portugal,2010,52.89,5.0,6.424,10.409,31.346,267277408809.0,,2660.0,0.1625,28.35,25.13,16.15,0.0,28.35,0.21,9.18,,14.38
Portugal,2011,51.784,4.905,8.632,10.526,28.457,263425010810.0,,3598.0,0.17675,24.11,27.67,11.54,0.0,24.11,0.28,9.16,,13.07
Portugal,2012,49.932,4.749,11.135,9.103,25.601,252737143203.0,,5036.0,0.2028,19.37,26.07,5.62,0.0,19.37,0.39,10.26,,7.33
Portugal,2013,48.146,4.604,10.191,8.119,24.973,250405237435.0,,4246.0,0.2106,29.47,20.88,13.73,0.0,29.47,0.48,12.01,,4.45
Portugal,2014,47.942,4.607,10.316,7.661,24.989,252388910611.0,,4388.0,0.2203,31.57,20.23,15.57,0.0,31.57,0.63,12.11,,5.96
Portugal,2015,52.233,5.037,12.563,9.103,25.623,256911888409.0,,5428.0,0.22820000000000001,24.36,26.78,8.66,0.0,24.36,0.8,11.6,,7.68
Portugal,2016,50.311,4.863,10.82,9.684,25.592,262100101273.0,,4924.0,0.2324,32.3,26.75,15.72,0.0,32.3,0.87,12.47,,5.35
Portugal,2017,55.165,5.34,12.394,12.318,25.93,271290329012.0,,5723.889,0.2257,22.58,35.01,5.9,0.0,22.58,0.99,12.25,,5.83
Portugal,2018,51.34,4.972,10.376,11.242,25.501,279020275961.0,,4505.572,0.22694999999999999,29.41,28.94,12.39,0.0,29.41,1.01,12.62,,15.88
Portugal,2019,47.583,4.6,5.026,12.125,26.18,286505655767.0,,2584.372,0.21655,27.41,24.19,8.82,0.0,27.41,1.34,13.67,,24.84
Portugal,2020,41.738,4.025,2.417,12.012,23.175,262724232089.0,,15.467,0.21265,30.11,21.28,12.08,0.0,30.11,1.72,12.3,,24.75
Portugal,2021,40.3,3.878,1.038,11.576,23.781,277181288542.0,,12.151,0.21295,31.54,17.68,11.91,0.0,31.54,2.24,13.21,,53.55
Portugal,2022,40.722,3.909,0.245,11.357,24.878,295712910456.0,,10.004,0.22105000000000002,27.61,18.72,6.54,0.0,27.61,3.52,13.25,,80.87
Portugal,2023,37.622,3.607,0.133,8.422,25.265,,,5.868,0.2185,34.36,11.78,12.04,0.0,34.36,5.16,13.15,,85.3
Romania,2010,84.488,4.135,29.403,26.805,23.252,335489566640.0,,2041.0,0.10414999999999999,31.92,28.5,19.88,11.62,20.3,0.0,0.31,,14.38
Romania,2011,92.391,4.555,34.091,28.944,24.273,350086824382.0,,1794.0,0.10835,28.07,33.73,14.73,11.75,16.32,0.0,1.39,,13.07
Romania,2012,89.848,4.457,31.523,27.774,25.511,356825919340.0,,2031.0,0.10625,26.4,32.14,12.07,11.47,14.93,0.01,2.64,,7.33
Romania,2013,78.795,3.927,25.269,25.248,23.728,357789262640.0,,1820.0,0.1301,31.77,26.42,14.96,11.62,20.15,0.42,4.52,,4.45
Romania,2014,79.335,3.973,25.006,24.429,24.887,372532510801.0,,1822.0,0.1269,38.8,26.12,18.8,11.68,27.12,1.62,6.2,,5.96
Romania,2015,78.046,3.928,25.128,23.493,24.146,384306463712.0,,1941.0,0.1311,37.83,27.83,16.63,11.64,26.19,1.98,7.06,,7.68
Romania,2016,76.587,3.873,22.147,23.304,25.899,395288226514.0,,1819.0,0.12465000000000001,38.26,25.96,18.03,11.29,26.97,1.82,6.59,,5.35
Romania,2017,79.432,4.034,21.774,24.355,27.908,456012361225.0,,1623.972,0.12434999999999999,35.8,27.74,14.49,11.51,24.29,1.86,7.41,,5.83
Romania,2018,79.874,4.076,20.766,24.966,28.456,473122658487.0,,1494.215,0.1325,37.57,26.5,17.66,11.38,26.19,1.77,6.32,,15.88
Romania,2019,76.69,3.933,18.362,22.675,29.781,456564507688.0,,1837.099,0.13895000000000002,35.91,22.85,15.58,11.28,24.63,1.78,6.77,,24.84
Romania,2020,73.946,3.813,14.298,25.009,29.063,483499378450.0,,1289.266,0.1454,36.08,19.13,15.38,11.47,24.61,1.73,6.95,,24.75
Romania,2021,77.501,4.026,15.53,25.271,30.971,505119539256.0,,1611.903,0.15689999999999998,37.62,20.94,17.41,11.28,26.34,1.7,6.58,,53.55
Romania,2022,73.186,3.818,13.752,21.612,32.428,504741667296.0,,1247.281,0.28865,34.71,20.03,13.98,11.09,23.62,1.99,7.0,,80.87
Romania,2023,67.866,3.55,9.754,20.15,32.81,,,641.399,0.1901,39.55,17.4,18.14,11.19,28.36,2.23,7.55,,85.3
Slovakia,2010,38.464,7.134,15.945,11.259,9.229,118344324253.0,,5064.0,0.15785,20.52,6.94,5.26,14.57,5.95,0.02,0.01,,14.38
Slovakia,2011,38.045,7.048,16.191,10.649,8.75,120554965758.0,,5063.0,0.1696,20.41,7.87,3.78,15.41,5.0,0.4,0.0,,13.07
Slovakia,2012,35.961,6.654,14.461,10.299,9.003,122144694992.0,,5140.0,0.1719,20.96,7.34,4.1,15.49,5.47,0.42,0.01,,7.33
Slovakia,2013,35.622,6.584,14.153,10.482,8.868,122917618179.0,,4500.0,0.1688,22.08,6.42,4.85,15.72,6.36,0.59,0.01,,4.45
Slovakia,2014,33.708,6.225,13.966,8.721,8.748,126232947119.0,,4500.0,0.1515,21.74,5.39,4.21,15.5,6.24,0.6,0.01,,5.96
Slovakia,2015,34.528,6.37,13.797,8.957,9.528,132755573802.0,,4317.0,0.15115,21.2,5.42,3.87,15.15,6.05,0.51,0.01,,7.68
Slovakia,2016,34.978,6.445,13.701,9.105,9.897,135336424966.0,,4244.0,0.14800000000000002,21.4,5.4,4.36,14.77,6.63,0.53,0.01,,5.35
Slovakia,2017,36.184,6.657,14.158,9.642,10.011,139312659832.0,,4665.0,0.14384999999999998,21.62,5.8,4.32,15.08,6.54,0.51,0.01,,5.83
Slovakia,2018,36.184,6.648,14.095,9.581,10.124,144927513498.0,,4890.0,0.15139999999999998,20.65,6.01,3.59,14.84,5.81,0.58,0.01,,15.88
Slovakia,2019,33.853,6.211,11.674,9.578,10.222,148579167627.0,,4133.0,0.15810000000000002,21.93,6.28,4.36,15.28,6.65,0.59,0.01,,24.84
Slovakia,2020,31.176,5.715,9.854,9.492,9.518,143565091421.0,,3222.0,0.17049999999999998,22.29,6.22,4.52,15.44,6.85,0.66,0.0,,24.75
Slovakia,2021,35.251,6.477,12.076,10.609,10.145,147892579134.0,,3786.0,0.1646,22.5,7.2,4.26,15.73,6.77,0.67,0.0,,53.55
Slovakia,2022,31.589,5.772,9.926,8.886,10.349,150360426456.0,,3698.0,0.184,21.74,4.8,3.68,15.92,5.82,0.65,0.0,,80.87
Slovakia,2023,30.766,5.576,10.152,8.403,10.119,,,3423.0,0.19175,25.04,4.49,4.69,18.33,6.71,0.61,0.0,,85.3
Slovenia,2010,16.466,8.053,6.284,1.882,7.622,53649775101.0,,604.0,0.14135,10.41,5.85,4.52,5.66,4.75,0.01,,,14.38
Slovenia,2011,16.364,7.987,6.327,1.751,7.654,53761447942.0,,558.0,0.14665,10.1,5.82,3.56,6.22,3.88,0.07,,,13.07
Slovenia,2012,15.765,7.678,5.992,1.684,7.459,52342432631.0,,658.0,0.1542,9.86,5.69,3.9,5.53,4.33,0.16,,,7.33
Slovenia,2013,15.137,7.361,5.741,1.646,7.085,51803647300.0,,586.0,0.16335,10.41,5.39,4.63,5.3,5.11,0.22,0.0,,4.45
Slovenia,2014,13.568,6.592,4.505,1.491,6.924,53237651266.0,,486.0,0.16310000000000002,12.97,4.18,6.09,6.37,6.6,0.26,0.0,,5.96
Slovenia,2015,13.659,6.631,4.615,1.587,6.844,54414237086.0,,434.0,0.161,10.0,4.8,3.81,5.65,4.35,0.27,0.01,,7.68
Slovenia,2016,14.468,7.019,4.964,1.689,7.216,56151179265.0,,413.0,0.16235,10.78,5.45,4.5,5.72,5.06,0.27,0.01,,5.35
Slovenia,2017,14.637,7.097,4.907,1.769,7.284,58855036945.0,,413.793,0.1611,10.73,5.32,3.87,6.29,4.44,0.28,0.01,,5.83
Slovenia,2018,14.563,7.037,4.792,1.732,7.331,61476689663.0,,450.738,0.16255,11.0,5.12,4.7,5.78,5.22,0.25,0.01,,15.88
Slovenia,2019,14.053,6.745,4.53,1.761,7.034,63598215879.0,,459.297,0.16499999999999998,10.86,5.03,4.48,5.82,5.04,0.3,0.01,,24.84
Slovenia,2020,12.873,6.123,4.391,1.763,5.996,60849951865.0,,387.617,0.15710000000000002,11.93,4.96,4.93,6.35,5.58,0.37,0.01,,24.75
Slovenia,2021,13.076,6.187,3.99,1.857,6.515,65846342756.0,,205.022,0.16865,11.15,4.44,4.71,5.71,5.44,0.45,0.01,,53.55
Slovenia,2022,12.728,6.017,3.242,1.67,7.117,69385349463.0,,466.481,0.1673,9.68,3.68,3.15,5.61,4.07,0.65,0.01,,80.87
Slovenia,2023,12.012,5.67,3.101,1.617,6.619,,,451.546,0.2015,11.9,3.65,5.02,5.6,6.3,0.98,0.01,,85.3
Spain,2010,282.585,6.033,35.997,73.623,156.331,1480376411582.0,,13021.0,0.17895,159.76,138.04,42.3,61.99,97.77,7.19,44.27,,14.38
Spain,2011,283.275,6.027,53.685,68.024,146.012,1477187548437.0,,16333.0,0.20345000000000002,145.25,146.29,30.6,57.72,87.53,9.4,42.92,,13.07
Spain,2012,277.432,5.901,62.626,65.077,134.672,1433478645419.0,,22582.0,0.22325,148.44,145.51,20.55,61.47,86.97,11.97,49.47,,7.33
Spain,2013,252.109,5.38,48.724,59.055,129.976,1413362053623.0,,13852.0,0.22505,168.14,113.32,36.87,56.73,111.41,13.1,55.64,,4.45
Spain,2014,253.658,5.429,53.621,54.251,129.905,1433089409797.0,,16642.0,0.2266,167.57,106.87,39.17,57.31,110.26,13.67,52.01,,5.96
Spain,2015,270.248,5.789,61.246,56.603,136.365,1488098863146.0,,19072.0,0.23395,154.28,122.89,28.14,57.2,97.08,13.86,49.32,,7.68
Spain,2016,259.555,5.554,45.478,57.653,140.305,1533303930046.0,,14016.0,0.22344999999999998,163.26,107.44,36.4,58.63,104.63,13.64,48.9,,5.35
Spain,2017,273.484,5.835,53.499,62.512,141.123,1578931492849.0,,19350.0,0.22365000000000002,145.97,126.41,18.32,58.04,87.93,14.4,49.13,,5.83
Spain,2018,268.521,5.702,47.904,61.825,142.106,1615001473949.0,,16543.0,0.243,159.64,111.76,34.33,55.77,103.87,12.74,50.89,,15.88
Spain,2019,250.674,5.285,23.528,71.16,140.044,1647042667976.0,,9427.0,0.23985,159.34,111.18,24.65,58.35,100.99,15.1,55.65,,24.84
Spain,2020,211.765,4.441,14.23,64.231,118.78,1460507935923.0,,4856.0,0.22685,172.09,87.38,30.51,58.3,113.79,20.67,56.44,,24.75
Spain,2021,228.806,4.793,16.011,68.103,129.714,1541121952313.0,,6075.0,0.25695,182.31,88.44,29.63,56.56,125.75,27.1,62.06,,53.55
Spain,2022,234.223,4.897,17.703,67.262,135.029,1625139888517.0,,10363.48,0.32105,181.5,105.65,17.59,58.59,122.91,35.72,62.78,,80.87
Spain,2023,215.461,4.497,12.536,58.169,131.246,,,6942.533,0.24004999999999999,200.65,78.46,25.0,56.87,143.78,48.59,64.28,,85.3
Sweden,2010,53.029,5.654,10.311,3.434,36.433,399838964466.0,,3532.0,0.18985000000000002,139.92,8.53,66.4,57.83,82.09,0.01,3.49,,14.38
Sweden,2011,49.114,5.198,9.467,2.721,34.027,397617949429.0,,3290.0,0.20679999999999998,144.56,5.72,66.43,60.47,84.09,0.01,6.11,,13.07
Sweden,2012,46.607,4.896,8.637,2.359,32.626,395278763366.0,,2373.0,0.20550000000000002,162.35,4.09,78.93,64.04,98.31,0.02,7.17,,7.33
Sweden,2013,45.106,4.698,8.736,2.362,31.245,399973749048.0,,2638.0,0.20735,149.15,3.88,61.36,66.46,82.69,0.04,9.84,,4.45
Sweden,2014,43.385,4.474,8.284,2.058,30.292,410604225974.0,,2872.0,0.1917,150.63,2.93,63.76,64.88,85.75,0.05,11.24,,5.96
Sweden,2015,43.31,4.42,8.016,1.97,30.38,429037422635.0,,2878.0,0.18730000000000002,158.85,3.15,75.31,56.35,102.5,0.1,16.32,,7.68
Sweden,2016,43.308,4.364,8.021,2.267,30.237,437921057919.0,,3203.0,0.19385000000000002,152.23,3.66,62.02,63.1,89.13,0.14,15.48,,5.35
Sweden,2017,42.355,4.211,8.307,1.816,29.316,449166531542.0,,2827.0,0.19840000000000002,160.76,3.47,65.14,65.7,95.06,0.23,17.61,,5.83
Sweden,2018,41.856,4.113,8.087,1.889,28.894,457925387676.0,,2952.0,0.19795000000000001,159.7,3.66,62.21,68.55,91.15,0.41,16.62,,15.88
Sweden,2019,40.772,3.967,8.108,1.777,28.464,467020665386.0,,2824.0,0.20425,165.07,3.35,65.37,66.13,98.94,0.68,19.85,,24.84
Sweden,2020,36.622,3.537,6.641,1.446,26.282,456885314424.0,,2158.0,0.19655,161.34,2.44,72.39,49.2,112.14,1.05,27.52,,24.75
Sweden,2021,38.568,3.703,6.984,1.9,27.891,481492421258.0,,2281.0,0.2359,168.72,3.06,73.89,52.97,115.75,1.53,27.25,,53.55
Sweden,2022,36.342,3.465,6.54,1.163,25.627,494214521158.0,,2277.0,0.2509,170.17,2.88,69.87,51.94,118.23,1.98,33.25,,80.87
Sweden,2023,36.709,3.479,6.508,1.388,25.949,,,2038.0,0.24214999999999998,163.72,2.33,66.19,48.47,115.25,3.11,34.25,,85.3
